;pcap;user;lang;msg_lev_dist_mean;msg_lev_dist_std;msg_periodicity;msg_frequency;username_spec_chars;msg_spec_chars_mean;word_entropy;active_channels;nick_changes_count;network_info-num_services;network_info-num_users;malicious
10;56;b4sh!b4sh@b33r-4A93A479.hostserv.eu;Portuguese;;;;;0.42857142857142855;0.2727272727272727;2.0;1;1;0;2;1
11;56;b4sh!b4sh@B25E59F3.31BF1404.6C4C5B6C.IP;Portuguese;17.097308488612835;19.944728310326607;;9.231921256432897e-05;0.5641025641025641;0.29246935201401053;5.144265350331489;2;1;0;2;1
12;56;Hades!redcommand@78A6F151.5AC25F73.CF9E86AF.IP;Portuguese;20.687878787878788;9.378492187045811;;;0.41304347826086957;0.12889518413597734;6.5233674409663625;2;1;0;2;1
13;56;thc!redcommand@78A6F151.5AC25F73.CF9E86AF.IP;English;20.20952380952381;10.163140907543099;;;0.4318181818181818;0.4882154882154882;3.818086635038088;1;1;0;2;1
14;56;sb|191!P9V@b33r-3DB74C2C.ip-79-137-25.eu;English;53.667391304347824;26.53886331148179;;;0.65;0.1075874333135744;5.418719317203356;1;1;0;2;1
15;56;b4sh!b4sh@1F0B5DD7.CDEDE876.871C443B.IP;English;2.868542713567839;1.5263532218078781;1.0;0.0015368372126472643;0.5128205128205128;0.37079239361900845;4.730159068454723;2;1;0;2;1