;pcap;user;lang;msg_lev_dist_mean;msg_lev_dist_std;msg_periodicity;msg_frequency;username_spec_chars;msg_spec_chars_mean;word_entropy;active_channels;nick_changes_count;network_info-num_services;network_info-num_users;malicious
0;34;AmpAttacks!AmpAttacks@Summit.gov.GoV;English;27.75862068965517;10.587962713352464;0.06628087736214516;0.00027468256538708415;0.1111111111111111;0.5107438016528926;5.813448127761169;1;1;0;1;1
1;34;Spoof!Spoof@Summit.gov.GoV;English;61.43676395289299;27.790106801172513;0.02511794489522423;0.0005073065140084025;0.15384615384615385;0.2663133487909904;6.9392105777368815;1;1;0;1;1
2;34;Tragedy!Erradic@Summit.gov.GoV;English;37.648809523809526;24.297239183003896;0.02409992705146702;0.00488318942421363;0.13333333333333333;0.14285714285714285;7.647896330669115;1;1;0;1;1
3;34;Entity!Entity@Summit.gov.GoV;English;32.75;10.47848324477885;0.29289321881345254;0.0003517848359472169;0.14285714285714285;0.5829383886255924;4.827368167875316;1;1;0;1;1
4;34;shadoh!shadoh@Summit.gov.GoV;English;27.333333333333332;11.53352600995126;0.29289321881345254;0.0004808604731582952;0.14285714285714285;0.6859504132231405;3.981076011914607;1;1;0;1;1
5;34;Exitus!Exitus@42A54BCD.E35FF7D8.6F7158D4.IP;English;23.642857142857142;9.083793597525705;0.18350341907227408;0.0005344629036513448;0.4418604651162791;0.7441860465116279;4.117389258694716;1;1;0;1;1