;pcap;user;lang;msg_lev_dist_mean;msg_lev_dist_std;msg_periodicity;msg_frequency;username_spec_chars;msg_spec_chars_mean;word_entropy;active_channels;nick_changes_count;network_info-num_services;network_info-num_users;malicious
7;51;X!x@localhost;English;24.053366834170856;12.895863004633576;0.003067919628491622;0.0022725717671651874;0.15384615384615385;0.5693166677241291;4.577515563873664;3;1;0;1;1
8;51;X!godzila@localhost;English;31.38240478606912;27.402962479618786;0.0053047358860349725;0.009543139650192463;0.10526315789473684;0.5366607055763291;5.148898687797425;3;1;0;1;1
9;51;A!root@localhost;English;;;;;0.125;0.3103448275862069;2.0;1;1;0;1;1