;pcap;channel;users_join_max;lang;msg_lev_dist_mean;msg_lev_dist_std;msg_periodicity;msg_frequency;spec_chars_mean;word_entropy;active_users;onechannel_users_ratio;network_info-num_services;network_info-num_users;malicious
5;56;#x;4;Portuguese;4.145765328918386;6.945658070780682;0.057190958417936644;0.000963526035675216;0.3621672671307146;5.0282456488610165;5;0.2;0.0;2.0;1
6;56;#root;1;English;54.77324874438276;27.405086696389407;0.04653741075440776;0.000257174949286345;0.1301444535295721;5.824297280597514;6;0.3333333333333333;0.0;2.0;1