;pcap;channel;users_join_max;lang;msg_lev_dist_mean;msg_lev_dist_std;msg_periodicity;msg_frequency;spec_chars_mean;word_entropy;active_users;onechannel_users_ratio;network_info-num_services;network_info-num_users;malicious
2;51;#007;12;English;28.437373737373736;15.612789925710292;0.02555968508219897;0.00018943037592731668;0.4862710363153233;4.820940114626764;3;0.0;0.0;1.0;1
3;51;#all;7;English;25.24092930191196;19.28029889559994;0.0021900108768839743;0.002409201303405292;0.599391777296918;4.278526261638936;4;0.25;0.0;1.0;1
4;51;#kz;2;English;33.61945909549994;33.14961101332468;;;0.3940539178634417;5.244205515288646;2;0.0;0.0;1.0;1