,pcap,channel,users_join_max,lang,msg_lev_dist_mean,msg_lev_dist_std,msg_periodicity,msg_frequency,spec_chars_mean,word_entropy,active_users,onechannel_users_ratio,network_info-num_services,network_info-num_users,malicious
0,34,##Summit,31,English,46.57957790192427,27.772919169152374,0.015128429132320709,0.0014494471828811499,0.29081808767690714,8.10370868691142,6,1.0,0.0,1.0,1
1,42,#Runz,2,Unidentified,,,,,0.0,-0.0,1,1.0,0.0,233.0,1
2,51,#007,12,English,28.437373737373736,15.612789925710292,0.02555968508219897,0.00018943037592731668,0.4862710363153233,4.820940114626764,3,0.0,0.0,1.0,1
3,51,#all,7,English,25.24092930191196,19.28029889559994,0.0021900108768839743,0.002409201303405292,0.599391777296918,4.278526261638936,4,0.25,0.0,1.0,1
4,51,#kz,2,English,33.61945909549994,33.14961101332468,,,0.3940539178634417,5.244205515288646,2,0.0,0.0,1.0,1
5,56,#x,4,Portuguese,4.145765328918386,6.945658070780682,0.057190958417936644,0.000963526035675216,0.3621672671307146,5.0282456488610165,5,0.2,0.0,2.0,1
6,56,#root,1,English,54.77324874438276,27.405086696389407,0.04653741075440776,0.000257174949286345,0.1301444535295721,5.824297280597514,6,0.3333333333333333,0.0,2.0,1
7,62,#o,2,English,18.05,9.798681884144758,0.07417990022744858,146.19903098748648,0.4623287671232877,4.404315949407467,4,1.0,0.0,75.0,1
